﻿<?xml version="1.0" encoding="UTF-8" standalone="yes"?>
<Picture>
	<PictureVariant name="14.png" screenDensity="bldpi" glyphWidth="14" glyphHeight="14"/>
	<PictureVariant name="16.png" screenDensity="ldpi" glyphWidth="16" glyphHeight="16"/>
	<PictureVariant name="20.png" screenDensity="aldpi" glyphWidth="20" glyphHeight="20"/>
	<PictureVariant name="24.png" screenDensity="mdpi" glyphWidth="24" glyphHeight="24"/>
	<PictureVariant name="28.png" screenDensity="amdpi" glyphWidth="28" glyphHeight="28"/>
	<PictureVariant name="32.png" screenDensity="hdpi" glyphWidth="32" glyphHeight="32"/>
	<PictureVariant name="48.png" screenDensity="xdpi" glyphWidth="48" glyphHeight="48"/>
	<PictureVariant name="64.png" screenDensity="udpi" glyphWidth="64" glyphHeight="64"/>
	<PictureVariant name="Picture.png" interfaceVariant="version8_2" screenDensity="ldpi" glyphWidth="16" glyphHeight="16"/>
	<PictureVariant name="Picture.png" interfaceVariant="version8_2_OrdinaryApp" screenDensity="ldpi" glyphWidth="16" glyphHeight="16"/>
</Picture>
