﻿<?xml version="1.0" encoding="UTF-8" standalone="yes"?>
<Picture>
	<PictureVariant name="b.svg" screenDensity="bldpi"/>
	<PictureVariant name="l.svg" screenDensity="ldpi"/>
	<PictureVariant name="a.svg" screenDensity="aldpi"/>
	<PictureVariant name="m.svg" screenDensity="mdpi"/>
	<PictureVariant name="a1.svg" screenDensity="amdpi"/>
	<PictureVariant name="h.svg" screenDensity="hdpi"/>
	<PictureVariant name="x.svg" screenDensity="xdpi"/>
	<PictureVariant name="u.svg" screenDensity="udpi"/>
</Picture>