﻿<?xml version="1.0" encoding="UTF-8" standalone="yes"?>
<Picture>
	<PictureVariant name="b.png" screenDensity="bldpi" glyphWidth="14" glyphHeight="14"/>
	<PictureVariant name="l.png" screenDensity="ldpi" glyphWidth="16" glyphHeight="16"/>
	<PictureVariant name="a.png" screenDensity="aldpi" glyphWidth="20" glyphHeight="20"/>
	<PictureVariant name="m.png" screenDensity="mdpi" glyphWidth="24" glyphHeight="24"/>
	<PictureVariant name="a1.png" screenDensity="amdpi" glyphWidth="28" glyphHeight="28"/>
	<PictureVariant name="h.png" screenDensity="hdpi" glyphWidth="32" glyphHeight="32"/>
	<PictureVariant name="300.png" screenDensity="xdpi" glyphWidth="48" glyphHeight="48"/>
	<PictureVariant name="u.png" screenDensity="udpi" glyphWidth="64" glyphHeight="64"/>
	<PictureVariant name="l1.png" screenDensity="ldpi" interfaceVariant="version8_2" glyphWidth="16" glyphHeight="16"/>
	<PictureVariant name="l2.png" screenDensity="ldpi" interfaceVariant="version8_2_OrdinaryApp" glyphWidth="16" glyphHeight="16"/>
</Picture>